{
  "roc_auc": 0.7217254174397032,
  "pr_auc": 0.3603985105789397,
  "precision": 0.3138075313807531,
  "recall": 0.6818181818181818,
  "f1": 0.4297994269340974,
  "accuracy": 0.6683333333333333,
  "support_positive": 110,
  "support_negative": 490,
  "confusion_matrix": [
    [
      326,
      164
    ],
    [
      35,
      75
    ]
  ]
}