{
  "run_id": "lending_logreg_class_weight",
  "timestamp_utc": "2026-04-23T01:36:02.916952+00:00",
  "dataset": "lending_club_sample",
  "model": "logistic_regression",
  "split_seed": 42,
  "preprocessing_variant": "numeric_scale_ohe",
  "imbalance_strategy": "class_weight",
  "sample_size": 4000,
  "train_seconds": 0.0761,
  "valid_roc_auc": 0.6840074211502782,
  "valid_pr_auc": 0.3178415638093302,
  "valid_precision": 0.275,
  "valid_recall": 0.6,
  "valid_f1": 0.37714285714285717,
  "valid_accuracy": 0.6366666666666667,
  "valid_support_positive": 110,
  "valid_support_negative": 490,
  "test_roc_auc": 0.7217254174397032,
  "test_pr_auc": 0.3603985105789397,
  "test_precision": 0.3138075313807531,
  "test_recall": 0.6818181818181818,
  "test_f1": 0.4297994269340974,
  "test_accuracy": 0.6683333333333333,
  "test_support_positive": 110,
  "test_support_negative": 490,
  "output_dir": "artifacts/credit/lending_logreg_class_weight"
}