{
  "roc_auc": 0.8234920634920635,
  "pr_auc": 0.6858953872859123,
  "precision": 0.65,
  "recall": 0.5777777777777777,
  "f1": 0.611764705882353,
  "accuracy": 0.78,
  "support_positive": 45,
  "support_negative": 105,
  "confusion_matrix": [
    [
      91,
      14
    ],
    [
      19,
      26
    ]
  ]
}