{
  "run_id": "german_mlp_oversample",
  "timestamp_utc": "2026-04-22T20:13:41.336194+00:00",
  "dataset": "german_credit",
  "model": "mlp",
  "split_seed": 42,
  "preprocessing_variant": "numeric_scale_ohe",
  "imbalance_strategy": "oversample",
  "sample_size": null,
  "train_seconds": 0.2138,
  "valid_roc_auc": 0.7136507936507936,
  "valid_pr_auc": 0.48890156031799165,
  "valid_precision": 0.5121951219512195,
  "valid_recall": 0.4666666666666667,
  "valid_f1": 0.4883720930232558,
  "valid_accuracy": 0.7066666666666667,
  "valid_support_positive": 45,
  "valid_support_negative": 105,
  "test_roc_auc": 0.8234920634920635,
  "test_pr_auc": 0.6858953872859123,
  "test_precision": 0.65,
  "test_recall": 0.5777777777777777,
  "test_f1": 0.611764705882353,
  "test_accuracy": 0.78,
  "test_support_positive": 45,
  "test_support_negative": 105,
  "output_dir": "artifacts/credit/german_mlp_oversample"
}