{
  "roc_auc": 0.5910760667903524,
  "pr_auc": 0.26040860632601615,
  "precision": 0.24324324324324326,
  "recall": 0.24545454545454545,
  "f1": 0.24434389140271492,
  "accuracy": 0.7216666666666667,
  "support_positive": 110,
  "support_negative": 490,
  "confusion_matrix": [
    [
      406,
      84
    ],
    [
      83,
      27
    ]
  ]
}