{
  "run_id": "lending_mlp_oversample",
  "timestamp_utc": "2026-04-23T01:36:12.128472+00:00",
  "dataset": "lending_club_sample",
  "model": "mlp",
  "split_seed": 42,
  "preprocessing_variant": "numeric_scale_ohe",
  "imbalance_strategy": "oversample",
  "sample_size": 4000,
  "train_seconds": 1.1397,
  "valid_roc_auc": 0.6018552875695733,
  "valid_pr_auc": 0.2592610814260867,
  "valid_precision": 0.2702702702702703,
  "valid_recall": 0.2727272727272727,
  "valid_f1": 0.27149321266968324,
  "valid_accuracy": 0.7316666666666667,
  "valid_support_positive": 110,
  "valid_support_negative": 490,
  "test_roc_auc": 0.5910760667903524,
  "test_pr_auc": 0.26040860632601615,
  "test_precision": 0.24324324324324326,
  "test_recall": 0.24545454545454545,
  "test_f1": 0.24434389140271492,
  "test_accuracy": 0.7216666666666667,
  "test_support_positive": 110,
  "test_support_negative": 490,
  "output_dir": "artifacts/credit/lending_mlp_oversample"
}