{
  "roc_auc": 0.7896296296296297,
  "pr_auc": 0.6673955904903558,
  "precision": 0.7407407407407407,
  "recall": 0.4444444444444444,
  "f1": 0.5555555555555556,
  "accuracy": 0.7866666666666666,
  "support_positive": 45,
  "support_negative": 105,
  "confusion_matrix": [
    [
      98,
      7
    ],
    [
      25,
      20
    ]
  ]
}