{
  "run_id": "german_gb_none",
  "timestamp_utc": "2026-04-22T20:13:40.754639+00:00",
  "dataset": "german_credit",
  "model": "gradient_boosting",
  "split_seed": 42,
  "preprocessing_variant": "median_mode_ohe",
  "imbalance_strategy": "none",
  "sample_size": null,
  "train_seconds": 0.6584,
  "valid_roc_auc": 0.7398941798941798,
  "valid_pr_auc": 0.5385151993674988,
  "valid_precision": 0.47619047619047616,
  "valid_recall": 0.4444444444444444,
  "valid_f1": 0.45977011494252873,
  "valid_accuracy": 0.6866666666666666,
  "valid_support_positive": 45,
  "valid_support_negative": 105,
  "test_roc_auc": 0.7896296296296297,
  "test_pr_auc": 0.6673955904903558,
  "test_precision": 0.7407407407407407,
  "test_recall": 0.4444444444444444,
  "test_f1": 0.5555555555555556,
  "test_accuracy": 0.7866666666666666,
  "test_support_positive": 45,
  "test_support_negative": 105,
  "output_dir": "artifacts/credit/german_gb_none"
}