{
  "roc_auc": 0.6900556586270872,
  "pr_auc": 0.33423652440910745,
  "precision": 0.5,
  "recall": 0.12727272727272726,
  "f1": 0.2028985507246377,
  "accuracy": 0.8166666666666667,
  "support_positive": 110,
  "support_negative": 490,
  "confusion_matrix": [
    [
      476,
      14
    ],
    [
      96,
      14
    ]
  ]
}