{
  "run_id": "lending_gb_none",
  "timestamp_utc": "2026-04-23T01:36:10.269657+00:00",
  "dataset": "lending_club_sample",
  "model": "gradient_boosting",
  "split_seed": 42,
  "preprocessing_variant": "median_mode_ohe",
  "imbalance_strategy": "none",
  "sample_size": 4000,
  "train_seconds": 1.2828,
  "valid_roc_auc": 0.6979035250463822,
  "valid_pr_auc": 0.3345522221241628,
  "valid_precision": 0.3888888888888889,
  "valid_recall": 0.12727272727272726,
  "valid_f1": 0.1917808219178082,
  "valid_accuracy": 0.8033333333333333,
  "valid_support_positive": 110,
  "valid_support_negative": 490,
  "test_roc_auc": 0.6900556586270872,
  "test_pr_auc": 0.33423652440910745,
  "test_precision": 0.5,
  "test_recall": 0.12727272727272726,
  "test_f1": 0.2028985507246377,
  "test_accuracy": 0.8166666666666667,
  "test_support_positive": 110,
  "test_support_negative": 490,
  "output_dir": "artifacts/credit/lending_gb_none"
}