{
  "roc_auc": 0.8311111111111111,
  "pr_auc": 0.7126813866766626,
  "precision": 0.5932203389830508,
  "recall": 0.7777777777777778,
  "f1": 0.6730769230769231,
  "accuracy": 0.7733333333333333,
  "support_positive": 45,
  "support_negative": 105,
  "confusion_matrix": [
    [
      81,
      24
    ],
    [
      10,
      35
    ]
  ]
}