{
  "run_id": "german_logreg_class_weight",
  "timestamp_utc": "2026-04-22T20:13:36.978061+00:00",
  "dataset": "german_credit",
  "model": "logistic_regression",
  "split_seed": 42,
  "preprocessing_variant": "numeric_scale_ohe",
  "imbalance_strategy": "class_weight",
  "sample_size": null,
  "train_seconds": 0.0142,
  "valid_roc_auc": 0.7722751322751323,
  "valid_pr_auc": 0.5911153784438111,
  "valid_precision": 0.4857142857142857,
  "valid_recall": 0.7555555555555555,
  "valid_f1": 0.591304347826087,
  "valid_accuracy": 0.6866666666666666,
  "valid_support_positive": 45,
  "valid_support_negative": 105,
  "test_roc_auc": 0.8311111111111111,
  "test_pr_auc": 0.7126813866766626,
  "test_precision": 0.5932203389830508,
  "test_recall": 0.7777777777777778,
  "test_f1": 0.6730769230769231,
  "test_accuracy": 0.7733333333333333,
  "test_support_positive": 45,
  "test_support_negative": 105,
  "output_dir": "artifacts/credit/german_logreg_class_weight"
}