{
  "roc_auc": 0.7187384044526902,
  "pr_auc": 0.3830576034741207,
  "precision": 0.43478260869565216,
  "recall": 0.2727272727272727,
  "f1": 0.33519553072625696,
  "accuracy": 0.8016666666666666,
  "support_positive": 110,
  "support_negative": 490,
  "confusion_matrix": [
    [
      451,
      39
    ],
    [
      80,
      30
    ]
  ]
}