{
  "run_id": "lending_rf_oversample",
  "timestamp_utc": "2026-04-23T01:36:03.738724+00:00",
  "dataset": "lending_club_sample",
  "model": "random_forest",
  "split_seed": 42,
  "preprocessing_variant": "median_mode_ohe",
  "imbalance_strategy": "oversample",
  "sample_size": 4000,
  "train_seconds": 0.336,
  "valid_roc_auc": 0.715343228200371,
  "valid_pr_auc": 0.34076050467909824,
  "valid_precision": 0.3442622950819672,
  "valid_recall": 0.19090909090909092,
  "valid_f1": 0.24561403508771928,
  "valid_accuracy": 0.785,
  "valid_support_positive": 110,
  "valid_support_negative": 490,
  "test_roc_auc": 0.7187384044526902,
  "test_pr_auc": 0.3830576034741207,
  "test_precision": 0.43478260869565216,
  "test_recall": 0.2727272727272727,
  "test_f1": 0.33519553072625696,
  "test_accuracy": 0.8016666666666666,
  "test_support_positive": 110,
  "test_support_negative": 490,
  "output_dir": "artifacts/credit/lending_rf_oversample"
}