{
  "roc_auc": 0.8025396825396826,
  "pr_auc": 0.6543355952872594,
  "precision": 0.696969696969697,
  "recall": 0.5111111111111111,
  "f1": 0.5897435897435898,
  "accuracy": 0.7866666666666666,
  "support_positive": 45,
  "support_negative": 105,
  "confusion_matrix": [
    [
      95,
      10
    ],
    [
      22,
      23
    ]
  ]
}