{
  "run_id": "german_rf_oversample",
  "timestamp_utc": "2026-04-22T20:13:37.487745+00:00",
  "dataset": "german_credit",
  "model": "random_forest",
  "split_seed": 42,
  "preprocessing_variant": "median_mode_ohe",
  "imbalance_strategy": "oversample",
  "sample_size": null,
  "train_seconds": 0.1929,
  "valid_roc_auc": 0.7792592592592593,
  "valid_pr_auc": 0.6063749185943379,
  "valid_precision": 0.5476190476190477,
  "valid_recall": 0.5111111111111111,
  "valid_f1": 0.5287356321839081,
  "valid_accuracy": 0.7266666666666667,
  "valid_support_positive": 45,
  "valid_support_negative": 105,
  "test_roc_auc": 0.8025396825396826,
  "test_pr_auc": 0.6543355952872594,
  "test_precision": 0.696969696969697,
  "test_recall": 0.5111111111111111,
  "test_f1": 0.5897435897435898,
  "test_accuracy": 0.7866666666666666,
  "test_support_positive": 45,
  "test_support_negative": 105,
  "output_dir": "artifacts/credit/german_rf_oversample"
}